<?xml version='1.0' encoding='utf-8'?>
<!--
  ~ Hibernate, Relational Persistence for Idiomatic Java
  ~
  ~ License: GNU Lesser General Public License (LGPL), version 2.1 or later.
  ~ See the lgpl.txt file in the root directory or <http://www.gnu.org/licenses/lgpl-2.1.html>.
  -->
<!DOCTYPE hibernate-configuration PUBLIC
        "-//Hibernate/Hibernate Configuration DTD 3.0//EN"
        "http://hibernate.sourceforge.net/hibernate-configuration-3.0.dtd">

<hibernate-configuration>
    <session-factory>
        <!-- Database connection settings -->
        <property name="connection.driver_class">com.mysql.jdbc.Driver</property>
        <property name="connection.url">jdbc:mysql://localhost:3306/db_walmart_dev</property>
        <property name="connection.username">root</property>
        <property name="connection.password"></property>
        
        <!-- JDBC connection pool (use the built-in) -->
        <property name="connection.pool_size">1</property>

         <!-- Hibernate Settings -->
        <property name="hibernate.c3p0.min_size">5</property>
    	<property name="hibernate.c3p0.max_size">50</property>
    	<property name="hibernate.c3p0.timeout">300</property>
    	<property name="hibernate.c3p0.max_statements">500</property>
    	<property name="hibernate.c3p0.idle_test_period">3000</property>
    	
        <!-- SQL dialect -->
        <property name="dialect">
            org.hibernate.dialect.MySQLDialect
        </property>

        <!-- Enable Hibernate's automatic session context management -->
        <property name="current_session_context_class">thread</property>

        <!--
        <property name="cache.use_query_cache">true</property>
        <property name="cache.use_second_level_cache">true</property>
        <property name="cache.use_structured_entries">true</property>
        <property name="cache.region.factory_class">org.hibernate.cache.EhCacheRegionFactory</property>
        <property name="net.sf.ehcache.configurationResourceName">/hibernate-config/ehcache.xml</property>
        -->
        
        <!-- Echo all executed SQL to stdout -->
        <property name="show_sql">true</property>
        
        <!-- Names the annotated entity class -->
        <mapping class="org.cto.walmart.dto.WalmartTemp"/>
    </session-factory>
</hibernate-configuration>